categoria,ordem,isbn,titulo,autor,editora,cover_url,origem_url
H1 Editora,1,9786585564458,Breakthrough Advertising,Eugene M. Schwartz,H1 Editora,https://h1editora.fbitsstatic.net/img/p/breakthrough-advertising-150274/336853-5.jpg,https://www.h1editora.com/produto/breakthrough-advertising-150274
H1 Editora,2,9786599521331,Storynomics,"Robert McKee, Thomas Gerace",H1 Editora,https://h1editora.fbitsstatic.net/img/p/storynomics-150177/336694-5.jpg,https://www.h1editora.com/produto/storynomics-150177
H1 Editora,3,9786585564366,Como Pensa um Líder,,H1 Editora,https://h1editora.fbitsstatic.net/img/p/como-pensa-um-lider-150143/336660-3.jpg,https://www.h1editora.com/produto/como-pensa-um-lider-150143
H1 Editora,4,9786585564441,Salve o Gato!,Blake Snyder,H1 Editora,https://h1editora.fbitsstatic.net/img/p/salve-o-gato-150173/336690-5.jpg,https://www.h1editora.com/produto/salve-o-gato-150173
H1 Editora,5,9786585564434,Trader de Atenção,,H1 Editora,https://h1editora.fbitsstatic.net/img/p/trader-de-atencao-150262/336828-5.jpg,https://www.h1editora.com/produto/trader-de-atencao-150262
H1 Editora,6,9786599815478,Trabalhe de Casa,,H1 Editora,https://h1editora.fbitsstatic.net/img/p/trabalhe-de-casa-150163/336680-5.jpg,https://www.h1editora.com/trabalhe-de-casa-150163
H1 Editora,7,9786585564052,Permissão para Errar,,H1 Editora,https://h1editora.fbitsstatic.net/img/p/permissao-para-errar-150147/336664-5.jpg,https://www.h1editora.com/permissao-para-errar-150147
H1 Editora,8,9786585564106,Segredos do Tráfego,Russell Brunson,H1 Editora,https://h1editora.fbitsstatic.net/img/p/segredos-do-trafego-150172/336689-5.jpg,https://www.h1editora.com/segredos-do-trafego-150172
H1 Editora,9,9786585564311,Produtividade do Bem,,H1 Editora,https://h1editora.fbitsstatic.net/img/p/produtividade-do-bem-150182/336699-6.jpg,https://www.h1editora.com/produtividade-do-bem-150182
H1 Editora,10,9786599521379,Manual do Social Media,,H1 Editora,https://h1editora.fbitsstatic.net/img/p/manual-do-social-media-150190/336707-5.jpg,https://www.h1editora.com/manual-do-social-media-150190
H1 Editora,11,9786585564151,Pensamento Lateral,Edward de Bono,H1 Editora,https://h1editora.fbitsstatic.net/img/p/pensamento-lateral-150159/336676-5.jpg,https://www.h1editora.com/pensamento-lateral-150159
H1 Editora,12,9786599815485,As 22 Leis Imutáveis do Marketing,"Al Ries, Jack Trout",H1 Editora,https://h1editora.fbitsstatic.net/img/p/as-22-leis-imutaveis-do-marketing-150191/336708-5.jpg,https://www.h1editora.com/as-22-leis-imutaveis-do-marketing-150191
H1 Editora,13,9786585564069,Feito para Vender,John Warrillow,H1 Editora,https://h1editora.fbitsstatic.net/img/p/feito-para-vender-150144/336661-5.jpg,https://www.h1editora.com/feito-para-vender-150144
H1 Editora,14,9786599521386,Peça-Chave,,H1 Editora,https://h1editora.fbitsstatic.net/img/p/peca-chave-150161/336678-5.jpg,https://www.h1editora.com/peca-chave-150161
H1 Editora,15,9786585564137,É Possível,,H1 Editora,https://h1editora.fbitsstatic.net/img/p/e-possivel-150156/336673-5.jpg,https://www.h1editora.com/e-possivel-150156
H1 Editora,16,9786585564168,12 Notas sobre a Vida e a Criatividade,Quincy Jones,H1 Editora,https://h1editora.fbitsstatic.net/img/p/12-notas-sobre-a-vida-e-a-criatividade-150157/336674-5.jpg,https://www.h1editora.com/12-notas-sobre-a-vida-e-a-criatividade-150157
H1 Editora,17,9786585564120,A Geometria da Riqueza,Brian Portnoy,H1 Editora,https://h1editora.fbitsstatic.net/img/p/a-geometria-da-riqueza-150196/336713-4.jpg,https://www.h1editora.com/a-geometria-da-riqueza-150196
H1 Editora,18,9786585564373,Desejo,,H1 Editora,https://h1editora.fbitsstatic.net/img/p/desejo-150187/336704-5.jpg,https://www.h1editora.com/desejo-150187
H1 Editora,19,9786585564212,Intuição,,H1 Editora,https://h1editora.fbitsstatic.net/img/p/intuicao-150150/336667-5.jpg,https://www.h1editora.com/intuicao-150150
H1 Editora,20,9786599815430,Suficiente,,H1 Editora,https://h1editora.fbitsstatic.net/img/p/suficiente-150198/336715-5.jpg,https://www.h1editora.com/suficiente-150198
H1 Editora,21,9786585564403,Nunca Mais Perca Um Cliente,Joey Coleman,H1 Editora,https://h1editora.fbitsstatic.net/img/p/nunca-mais-perca-um-cliente-150151/336668-4.jpg,https://www.h1editora.com/nunca-mais-perca-um-cliente-150151
H1 Editora,22,9786585564243,Os Novos Camaleões,,H1 Editora,https://h1editora.fbitsstatic.net/img/p/os-novos-camaleoes-150193/336795-4.jpg,https://www.h1editora.com/os-novos-camaleoes-150193
H1 Editora,23,9786599521324,Marketing de Permissão,Seth Godin,H1 Editora,https://h1editora.fbitsstatic.net/img/p/marketing-de-permissao-150189/336706-6.jpg,https://www.h1editora.com/marketing-de-permissao-150189
H1 Editora,24,9786585564397,Nunca Mais Perca um Funcionário,Joey Coleman,H1 Editora,https://h1editora.fbitsstatic.net/img/p/nunca-mais-perca-um-funcionario-150200/336717-5.jpg,https://www.h1editora.com/nunca-mais-perca-um-funcionario-150200
H1 Editora,25,9786585564007,De Futuro em Futuro,,H1 Editora,https://h1editora.fbitsstatic.net/img/p/de-futuro-em-futuro-150164/336681-5.jpg,https://www.h1editora.com/de-futuro-em-futuro-150164
H1 Editora,26,9786585564144,Hora de Ser Criativo,,H1 Editora,https://h1editora.fbitsstatic.net/img/p/hora-de-ser-criativo-150162/336679-5.jpg,https://www.h1editora.com/hora-de-ser-criativo-150162
H1 Editora,27,9786585564021,Como Escrever Uma Copy Que Vende,,H1 Editora,https://h1editora.fbitsstatic.net/img/p/como-escrever-uma-copy-que-vende-150181/336698-5.jpg,https://www.h1editora.com/como-escrever-uma-copy-que-vende-150181
Clube de Literatura Clássica,1,,O Vermelho e o Negro,Stendhal,Clube de Literatura Clássica,,
Clube de Literatura Clássica,2,,A Divina Comédia,Dante Alighieri,Clube de Literatura Clássica,,
Clube de Literatura Clássica,3,,"Recordações do escrivão Isaías Caminha; Triste fim de Policarpo Quaresma; Vida e morte de M. J. Gonzaga de Sá",Lima Barreto,Clube de Literatura Clássica,,
Clube de Literatura Clássica,4,,Dom Casmurro,Machado de Assis,Clube de Literatura Clássica,,
Clube de Literatura Clássica,5,,Hamlet,William Shakespeare,Clube de Literatura Clássica,,
Clube de Literatura Clássica,6,,Os Bruzundangas,Lima Barreto,Clube de Literatura Clássica,,
Clube de Literatura Clássica,7,,Paraíso Perdido,John Milton,Clube de Literatura Clássica,,
Clube de Literatura Clássica,8,,O Retrato de Dorian Gray,Oscar Wilde,Clube de Literatura Clássica,,
Clube de Literatura Clássica,9,,Salomé,Oscar Wilde,Clube de Literatura Clássica,,
Clube de Literatura Clássica,10,,Rei Amleth,Saxo Grammaticus,Clube de Literatura Clássica,,
Clube de Literatura Clássica,11,,Obras Completas (Virgílio),Virgílio,Clube de Literatura Clássica,,
Clube de Literatura Clássica,12,,Contos do Casmurro,Machado de Assis,Clube de Literatura Clássica,,
Clube de Literatura Clássica,13,,O Grande Gatsby,F. Scott Fitzgerald,Clube de Literatura Clássica,,
Clube de Literatura Clássica,14,,Os Irmãos Karamázov,Fiódor Dostoiévski,Clube de Literatura Clássica,,
Clube de Literatura Clássica,15,,Mensagem,Fernando Pessoa,Clube de Literatura Clássica,,
Clube de Literatura Clássica,16,,Livro do Desassossego,Fernando Pessoa,Clube de Literatura Clássica,,
Clube de Literatura Clássica,17,,Dom Quixote,Miguel de Cervantes,Clube de Literatura Clássica,,
Clube de Literatura Clássica,18,,Crime e Castigo,Fiódor Dostoiévski,Clube de Literatura Clássica,,
Clube de Literatura Clássica,19,,A Volta ao Mundo em Oitenta Dias,Jules Verne,Clube de Literatura Clássica,,
Clube de Literatura Clássica,20,,Anna Karênina,Liev Tolstói,Clube de Literatura Clássica,,
Clube de Literatura Clássica,21,,Oliver Twist,Charles Dickens,Clube de Literatura Clássica,,
Clube de Literatura Clássica,22,,Contos (Dickens),Charles Dickens,Clube de Literatura Clássica,,
Clube de Literatura Clássica,23,,Fausto,Johann Wolfgang von Goethe,Clube de Literatura Clássica,,
Clube de Literatura Clássica,24,,Jane Eyre,Charlotte Brontë,Clube de Literatura Clássica,,
Clube de Literatura Clássica,25,,O Enjeitado: um conto de nosso tempo,Charlotte Brontë,Clube de Literatura Clássica,,
Clube de Literatura Clássica,26,,Contos do Grotesco e do Arabesco,Edgar Allan Poe,Clube de Literatura Clássica,,
Clube de Literatura Clássica,27,,O Idiota,Fiódor Dostoiévski,Clube de Literatura Clássica,,
Clube de Literatura Clássica,28,,"A Divina Comédia, Ilustrada por Gustave Doré",Dante Alighieri,Clube de Literatura Clássica,,
Clube de Literatura Clássica,29,,Os Maias,Eça de Queirós,Clube de Literatura Clássica,,
Clube de Literatura Clássica,30,,Saga de Gunnlaugr Língua-de-Serpente,Anônimo,Clube de Literatura Clássica,,
Clube de Literatura Clássica,31,,Noites Brancas,Fiódor Dostoiévski,Clube de Literatura Clássica,,
Clube de Literatura Clássica,32,,Civilização,Eça de Queirós,Clube de Literatura Clássica,,
Clube de Literatura Clássica,33,,Saga de Njáll,Anônimo,Clube de Literatura Clássica,,
Clube de Literatura Clássica,34,,Almas Mortas,Nikolai Gógol,Clube de Literatura Clássica,,
Clube de Literatura Clássica,35,,O Coração das Trevas,Joseph Conrad,Clube de Literatura Clássica,,
Clube de Literatura Clássica,36,,O Conde de Monte Cristo,Alexandre Dumas,Clube de Literatura Clássica,,
Clube de Literatura Clássica,37,,Juventude,Joseph Conrad,Clube de Literatura Clássica,,
Clube de Literatura Clássica,38,,Amor de Perdição e Amor de Salvação,Camilo Castelo Branco,Clube de Literatura Clássica,,
Clube de Literatura Clássica,39,,Ifigênia em Áulide e Ifigênia entre os Táurios,Eurípides,Clube de Literatura Clássica,,
Clube de Literatura Clássica,40,,Retábulo de Dom Cristóbal,Federico García Lorca,Clube de Literatura Clássica,,
Clube de Literatura Clássica,41,,A Consciência de Zeno,Italo Svevo,Clube de Literatura Clássica,,
Clube de Literatura Clássica,42,,Ifigênia,Francisco Dias Gomes,Clube de Literatura Clássica,,
Clube de Literatura Clássica,43,,A Metamorfose,Franz Kafka,Clube de Literatura Clássica,,
Clube de Literatura Clássica,44,,Bodas de Sangue / Yerma / A Casa de Bernarda Alba,Federico García Lorca,Clube de Literatura Clássica,,
Clube de Literatura Clássica,45,,O finado Mattia Pascal,Luigi Pirandello,Clube de Literatura Clássica,,
Clube de Literatura Clássica,46,,O Processo,Franz Kafka,Clube de Literatura Clássica,,
Clube de Literatura Clássica,47,,Guerra e Paz - Livros I e II,Liev Tolstói,Clube de Literatura Clássica,,
Clube de Literatura Clássica,48,,Seis personagens em busca de um autor,Luigi Pirandello,Clube de Literatura Clássica,,
Clube de Literatura Clássica,49,,Mil Novecentos e Oitenta e Quatro,George Orwell,Clube de Literatura Clássica,,
Clube de Literatura Clássica,50,,A Revolução dos Bichos,George Orwell,Clube de Literatura Clássica,,
Clube de Literatura Clássica,51,,Os Trabalhadores do Mar,Victor Hugo,Clube de Literatura Clássica,,
Clube de Literatura Clássica,52,,O último dia de um condenado,Victor Hugo,Clube de Literatura Clássica,,
Clube de Literatura Clássica,53,,Jerusalém Libertada,Torquato Tasso,Clube de Literatura Clássica,,
Clube de Literatura Clássica,54,,A Tempestade,William Shakespeare,Clube de Literatura Clássica,,
Clube de Literatura Clássica,55,,Tempestade e Ímpeto,Friedrich Maximilian Klinger,Clube de Literatura Clássica,,
Clube de Literatura Clássica,56,,Dom Quixote Ilustrado,Gustave Doré,Clube de Literatura Clássica,,
Clube de Literatura Clássica,57,,Um drama no ar; Mestre Zacharius,Jules Verne,Clube de Literatura Clássica,,
Clube de Literatura Clássica,58,,Um diário do ano da peste,Daniel Defoe,Clube de Literatura Clássica,,
Clube de Literatura Clássica,59,,A Peste Escarlate,Jack London,Clube de Literatura Clássica,,
Clube de Literatura Clássica,60,,A Letra Encarnada,Nathaniel Hawthorne,Clube de Literatura Clássica,,
Clube de Literatura Clássica,61,,Quatro Contos Bizarros,Nathaniel Hawthorne,Clube de Literatura Clássica,,
Clube de Literatura Clássica,62,,Os Sertões,Euclides da Cunha,Clube de Literatura Clássica,,
Clube de Literatura Clássica,63,,Tragédia Épica,Francisco Mangabeira,Clube de Literatura Clássica,,
Clube de Literatura Clássica,64,,A Pequena Fadette,George Sand,Clube de Literatura Clássica,,
Clube de Literatura Clássica,65,,O Charco do Diabo,George Sand,Clube de Literatura Clássica,,
Clube de Literatura Clássica,66,,Michael Kohlhaas,Heinrich von Kleist,Clube de Literatura Clássica,,
Clube de Literatura Clássica,67,,Príncipe Frederico de Homburgo,Heinrich von Kleist,Clube de Literatura Clássica,,
Clube de Literatura Clássica,68,,Cadernos do Subterrâneo,Fiódor Dostoiévski,Clube de Literatura Clássica,,
Clube de Literatura Clássica,69,,Os Lusíadas,Luís de Camões,Clube de Literatura Clássica,,
Clube de Literatura Clássica,70,,Castro,António Ferreira,Clube de Literatura Clássica,,
Clube de Literatura Clássica,71,,Oréstia,Ésquilo,Clube de Literatura Clássica,,
Clube de Literatura Clássica,72,,A Vingança de Agamenom,Henrique Aires Vitória,Clube de Literatura Clássica,,
Clube de Literatura Clássica,73,,Fausto Ilustrado,August von Kreling,Clube de Literatura Clássica,,
Bravo 100 Essenciais Brasileiros,1,,Dom Casmurro,Machado de Assis,,,
Bravo 100 Essenciais Brasileiros,2,,Memórias póstumas de Brás Cubas,Machado de Assis,,,
Bravo 100 Essenciais Brasileiros,3,,Vidas Secas,Graciliano Ramos,,,
Bravo 100 Essenciais Brasileiros,4,,Grande Sertão: Veredas,João Guimarães Rosa,,,
Bravo 100 Essenciais Brasileiros,5,,Morte e Vida Severina e Outros Poemas Para Vozes,João Cabral de Melo Neto,,,
Bravo 100 Essenciais Brasileiros,6,,O Cortiço,Aluísio Azevedo,,,
Bravo 100 Essenciais Brasileiros,7,,O Continente - Volume I,Erico Verissimo,,,
Bravo 100 Essenciais Brasileiros,8,,Memórias de um sargento de milícias,Manuel Antônio de Almeida,,,
Bravo 100 Essenciais Brasileiros,9,,O Triste Fim de Policarpo Quaresma,Lima Barreto,,,
Bravo 100 Essenciais Brasileiros,10,,Noite na Taverna,Álvares de Azevedo,,,
Bravo 100 Essenciais Brasileiros,11,,Lavoura arcaica,Raduan Nassar,,,
Bravo 100 Essenciais Brasileiros,12,,Laços de Família,Clarice Lispector,,,
Bravo 100 Essenciais Brasileiros,13,,A Paixão Segundo G.H.,Clarice Lispector,,,
Bravo 100 Essenciais Brasileiros,14,,São Bernardo,Graciliano Ramos,,,
Bravo 100 Essenciais Brasileiros,15,,O Quinze,Rachel de Queiroz,,,
Bravo 100 Essenciais Brasileiros,16,,Capitães da areia,Jorge Amado,,,
Bravo 100 Essenciais Brasileiros,17,,A Obscena Senhora D,Hilda Hilst,,,
Bravo 100 Essenciais Brasileiros,18,,As Meninas,Lygia Fagundes Telles,,,
Bravo 100 Essenciais Brasileiros,19,,Morangos mofados,Caio Fernando Abreu,,,
Bravo 100 Essenciais Brasileiros,20,,O Encontro Marcado,Fernando Sabino,,,
Bravo 100 Essenciais Brasileiros,21,,O Picapau Amarelo,Monteiro Lobato,,,
Bravo 100 Essenciais Brasileiros,22,,"Gabriela, Cravo e Canela",Jorge Amado,,,
Bravo 100 Essenciais Brasileiros,23,,A Rosa do Povo,Carlos Drummond de Andrade,,,
Bravo 100 Essenciais Brasileiros,24,,Lira Dos Vinte Anos,Álvares de Azevedo,,,
Bravo 100 Essenciais Brasileiros,25,,Seminário dos Ratos,Lygia Fagundes Telles,,,
Bravo 100 Essenciais Brasileiros,26,,O Guarani,José de Alencar,,,
Bravo 100 Essenciais Brasileiros,27,,A vida como ela é...: o homem fiel e outros contos,Nelson Rodrigues,,,
Bravo 100 Essenciais Brasileiros,28,,Macunaíma,Mário de Andrade,,,
Bravo 100 Essenciais Brasileiros,29,,A Moreninha,Joaquim Manuel de Macedo,,,
Bravo 100 Essenciais Brasileiros,30,,Marília de Dirceu,Tomás Antônio Gonzaga,,,
Bravo 100 Essenciais Brasileiros,31,,Um Copo de Cólera,Raduan Nassar,,,
Bravo 100 Essenciais Brasileiros,32,,Sagarana,João Guimarães Rosa,,,
Bravo 100 Essenciais Brasileiros,33,,Fogo Morto,José Lins do Rego,,,
Bravo 100 Essenciais Brasileiros,34,,I-Juca Pirama,Gonçalves Dias,,,
Bravo 100 Essenciais Brasileiros,35,,Lucíola,José de Alencar,,,
Bravo 100 Essenciais Brasileiros,36,,200 Crônicas Escolhidas,Rubem Braga,,,
Bravo 100 Essenciais Brasileiros,37,,Avalovara,Osman Lins,,,
Bravo 100 Essenciais Brasileiros,38,,Vestido de Noiva,Nelson Rodrigues,,,
Bravo 100 Essenciais Brasileiros,39,,"O Que é Isso, Companheiro?",Fernando Gabeira,,,
Bravo 100 Essenciais Brasileiros,40,,Claro Enigma,Carlos Drummond de Andrade,,,
Bravo 100 Essenciais Brasileiros,41,,Zero,Ignácio de Loyola Brandão,,,
Bravo 100 Essenciais Brasileiros,42,,Poema Sujo,Ferreira Gullar,,,
Bravo 100 Essenciais Brasileiros,43,,O Ateneu,Raul Pompéia,,,
Bravo 100 Essenciais Brasileiros,44,,Cartas chilenas,Tomás Antônio Gonzaga,,,
Bravo 100 Essenciais Brasileiros,45,,A Escrava Isaura,Bernardo Guimarães,,,
Bravo 100 Essenciais Brasileiros,46,,Viva o Povo Brasileiro,João Ubaldo Ribeiro,,,
Bravo 100 Essenciais Brasileiros,47,,Os ratos,Dyonelio Machado,,,
Bravo 100 Essenciais Brasileiros,48,,O Coronel e o Lobisomem,José Cândido de Carvalho,,,
Bravo 100 Essenciais Brasileiros,49,,Os Sertões,Euclides da Cunha,,,
Bravo 100 Essenciais Brasileiros,50,,Crônica da Casa Assassinada,Lúcio Cardoso,,,
Bravo 100 Essenciais Brasileiros,51,,A Coleira do Cão,Rubem Fonseca,,,
Bravo 100 Essenciais Brasileiros,52,,Inocência,Visconde de Taunay,,,
Bravo 100 Essenciais Brasileiros,53,,O Pagador de Promessas,Dias Gomes,,,
Bravo 100 Essenciais Brasileiros,54,,O Vampiro de Curitiba,Dalton Trevisan,,,
Bravo 100 Essenciais Brasileiros,55,,Romance D'A Pedra do Reino e O Príncipe do Sangue do Vai-e-Volta,Ariano Suassuna,,,
Bravo 100 Essenciais Brasileiros,56,,Nova Antologia Poética,Vinicius de Moraes,,,
Bravo 100 Essenciais Brasileiros,57,,Terras do Sem Fim,Jorge Amado,,,
Bravo 100 Essenciais Brasileiros,58,,O Analista de Bagé,Luis Fernando Verissimo,,,
Bravo 100 Essenciais Brasileiros,59,,Os Escravos,Castro Alves,,,
Bravo 100 Essenciais Brasileiros,60,,Mar absoluto e outros poemas,Cecília Meireles,,,
Bravo 100 Essenciais Brasileiros,61,,Bagagem,Adélia Prado,,,
Bravo 100 Essenciais Brasileiros,62,,Romanceiro Da Inconfidência,Cecília Meireles,,,
Bravo 100 Essenciais Brasileiros,63,,Paulicéia Desvairada,Mário de Andrade,,,
Bravo 100 Essenciais Brasileiros,64,,Nova Antologia Poética,Mario Quintana,,,
Bravo 100 Essenciais Brasileiros,65,,A Alma Encantadora das Ruas,João do Rio,,,
Bravo 100 Essenciais Brasileiros,66,,Estrela da Manhã,Manuel Bandeira,,,
Bravo 100 Essenciais Brasileiros,67,,Sermões,António Vieira,,,
Bravo 100 Essenciais Brasileiros,68,,Eu,Augusto dos Anjos,,,
Bravo 100 Essenciais Brasileiros,69,,O ex-mágico da Taberna Minhota,Murilo Rubião,,,
Bravo 100 Essenciais Brasileiros,70,,"Malagueta, Perus e Bacanaço",João Antônio,,,
Bravo 100 Essenciais Brasileiros,71,,Memórias sentimentais de João Miramar,Oswald de Andrade,,,
Bravo 100 Essenciais Brasileiros,72,,Espumas Flutuantes,Castro Alves,,,
Bravo 100 Essenciais Brasileiros,73,,Broquéis,João da Cruz e Sousa,,,
Bravo 100 Essenciais Brasileiros,74,,O braço direito,Otto Lara Resende,,,
Bravo 100 Essenciais Brasileiros,75,,Ópera dos Mortos,Autran Dourado,,,
Bravo 100 Essenciais Brasileiros,76,,O tronco,Bernardo Élis,,,
Melhor Literatura em Português,1,,Ensaio sobre a Cegueira,José Saramago,,,
Melhor Literatura em Português,2,,Memórias póstumas de Brás Cubas,Machado de Assis,,,
Melhor Literatura em Português,3,,Os Maias,Eça de Queirós,,,
Melhor Literatura em Português,4,,Livro do Desassossego,Fernando Pessoa,,,
Melhor Literatura em Português,5,,Dom Casmurro,Machado de Assis,,,
Melhor Literatura em Português,6,,Os Lusíadas,Luís de Camões,,,
Melhor Literatura em Português,7,,Memorial do Convento,José Saramago,,,
Melhor Literatura em Português,8,,Capitães da areia,Jorge Amado,,,
Melhor Literatura em Português,9,,Vidas Secas,Graciliano Ramos,,,
Melhor Literatura em Português,10,,Auto da Barca do Inferno,Gil Vicente,,,
Melhor Literatura em Português,11,,Mensagem,Fernando Pessoa,,,
Melhor Literatura em Português,12,,Grande Sertão: Veredas,João Guimarães Rosa,,,
Melhor Literatura em Português,13,,A Hora da Estrela,Clarice Lispector,,,
Melhor Literatura em Português,14,,O Alquimista,Paulo Coelho,,,
Melhor Literatura em Português,15,,O Evangelho Segundo Jesus Cristo,José Saramago,,,
Melhor Literatura em Português,16,,O alienista,Machado de Assis,,,
Melhor Literatura em Português,17,,A Cidade e as Serras,Eça de Queirós,,,
Melhor Literatura em Português,18,,O Primo Basílio,Eça de Queirós,,,
Melhor Literatura em Português,19,,As Intermitências da Morte,José Saramago,,,
Melhor Literatura em Português,20,,O Ano da Morte de Ricardo Reis,José Saramago,,,
Melhor Literatura em Português,21,,"Gabriela, Cravo e Canela",Jorge Amado,,,
Melhor Literatura em Português,22,,O Crime do Padre Amaro,Eça de Queirós,,,
Melhor Literatura em Português,23,,Poemas de Álvaro de Campos,Fernando Pessoa,,,
Melhor Literatura em Português,24,,Auto da Compadecida,Ariano Suassuna,,,
Melhor Literatura em Português,25,,Amor de Perdição,Camilo Castelo Branco,,,
Melhor Literatura em Português,26,,Viagens na Minha Terra,Almeida Garrett,,,
Melhor Literatura em Português,27,,O Cortiço,Aluísio Azevedo,,,
Melhor Literatura em Português,28,,Budapeste,Chico Buarque,,,
Melhor Literatura em Português,29,,Todos os Nomes,José Saramago,,,
Melhor Literatura em Português,30,,As Pupilas do Senhor Reitor,Júlio Dinis,,,
Melhor Literatura em Português,31,,Quincas Borba,Machado de Assis,,,
Melhor Literatura em Português,32,,A Menina do Mar,Sophia de Mello Breyner Andresen,,,
Melhor Literatura em Português,33,,A Lua de Joana,Maria Teresa Maia Gonzalez,,,
Melhor Literatura em Português,34,,Veronika Decide Morrer,Paulo Coelho,,,
Melhor Literatura em Português,35,,Frei Luís de Sousa,Almeida Garrett,,,
Melhor Literatura em Português,36,,Bichos,Miguel Torga,,,
Melhor Literatura em Português,37,,A Relíquia,Eça de Queirós,,,
Melhor Literatura em Português,38,,O Guardador de Rebanhos,Fernando Pessoa,,,
Melhor Literatura em Português,39,,Meu Pé de Laranja Lima,José Mauro de Vasconcelos,,,
Melhor Literatura em Português,40,,A Morgadinha dos Canaviais,Júlio Dinis,,,
Melhor Literatura em Português,41,,Dona Flor e Seus Dois Maridos,Jorge Amado,,,
Melhor Literatura em Português,42,,Ensaio sobre a Lucidez,José Saramago,,,
Melhor Literatura em Português,43,,Senhora,José de Alencar,,,
Melhor Literatura em Português,44,,A Queda dum Anjo,Camilo Castelo Branco,,,
Melhor Literatura em Português,45,,História do Cerco de Lisboa,José Saramago,,,
Melhor Literatura em Português,46,,O Gato Malhado e a Andorinha Sinhá,Jorge Amado,,,
Melhor Literatura em Português,47,,Morte e Vida Severina,João Cabral de Melo Neto,,,
Melhor Literatura em Português,48,,A Sibila,Agustina Bessa-Luís,,,
Melhor Literatura em Português,49,,O Livro de Cesário Verde,Cesário Verde,,,
Melhor Literatura em Português,50,,O Continente - Volume I,Erico Verissimo,,,
Melhor Literatura em Português,51,,Sermões,António Vieira,,,
Melhor Literatura em Português,52,,Manhã Submersa,Vergílio Ferreira,,,
Melhor Literatura em Português,53,,A Viagem do Elefante,José Saramago,,,
Melhor Literatura em Português,54,,Livro,José Luís Peixoto,,,
Melhor Literatura em Português,55,,Equador,Miguel Sousa Tavares,,,
Melhor Literatura em Português,56,,A Paixão Segundo G.H.,Clarice Lispector,,,
Melhor Literatura em Português,57,,Só,António Nobre,,,
Melhor Literatura em Português,58,,Memórias de um sargento de milícias,Manuel Antônio de Almeida,,,
Melhor Literatura em Português,59,,A Caverna,José Saramago,,,
Melhor Literatura em Português,60,,Os Cus de Judas,António Lobo Antunes,,,
Melhor Literatura em Português,61,,Poesia Lírica,Luís de Camões,,,
Melhor Literatura em Português,62,,Sagarana,João Guimarães Rosa,,,
Melhor Literatura em Português,63,,Uma Família Inglesa,Júlio Dinis,,,
Melhor Literatura em Português,64,,Cemitério de Pianos,José Luís Peixoto,,,
Melhor Literatura em Português,65,,O Triste Fim de Policarpo Quaresma,Lima Barreto,,,
Melhor Literatura em Português,66,,O Conto da Ilha Desconhecida,José Saramago,,,
Melhor Literatura em Português,67,,Aparição,Vergílio Ferreira,,,
Melhor Literatura em Português,68,,O Mandarim,Eça de Queirós,,,
Melhor Literatura em Português,69,,Clepsídra,Camilo Pessanha,,,
Melhor Literatura em Português,70,,Antologia Poética,Carlos Drummond de Andrade,,,
Melhor Literatura em Português,71,,Poemas,Fernando Pessoa,,,
Melhor Literatura em Português,72,,São Bernardo,Graciliano Ramos,,,
Melhor Literatura em Português,73,,Odes,Fernando Pessoa (Ricardo Reis),,,
Melhor Literatura em Português,74,,Céu Em Fogo,Mário de Sá-Carneiro,,,
Melhor Literatura em Português,75,,"Eurico, O Presbítero",Alexandre Herculano,,,
Melhor Literatura em Português,76,,Obra Poética - Volume I,Sophia de Mello Breyner Andresen,,,
Melhor Literatura em Português,77,,Tieta do Agreste,Jorge Amado,,,
Melhor Literatura em Português,78,,O Aprendiz do Arquimago,Michael A. Iora,,,
Fantasia SciFi Ficcao Historica (traduzidos BR),1,,O Nome do Vento,Patrick Rothfuss,,,
Fantasia SciFi Ficcao Historica (traduzidos BR),2,,Mistborn: O Império Final,Brandon Sanderson,,,
Fantasia SciFi Ficcao Historica (traduzidos BR),3,,A Tormenta de Espadas,George R.R. Martin,,,
Fantasia SciFi Ficcao Historica (traduzidos BR),4,,Harry Potter e a Pedra Filosofal,J.K. Rowling,,,
Fantasia SciFi Ficcao Historica (traduzidos BR),5,,O Olho do Mundo,Robert Jordan,,,
Fantasia SciFi Ficcao Historica (traduzidos BR),6,,O Temor do Sábio,Patrick Rothfuss,,,
Fantasia SciFi Ficcao Historica (traduzidos BR),7,,A Sociedade do Anel,J.R.R. Tolkien,,,
Fantasia SciFi Ficcao Historica (traduzidos BR),8,,As mentiras de Locke Lamora,Scott Lynch,,,
Fantasia SciFi Ficcao Historica (traduzidos BR),9,,A Guerra dos Tronos,George R.R. Martin,,,
Fantasia SciFi Ficcao Historica (traduzidos BR),10,,O Hobbit,J.R.R. Tolkien,,,
Fantasia SciFi Ficcao Historica (traduzidos BR),11,,O Aprendiz de Assassino,Robin Hobb,,,
Fantasia SciFi Ficcao Historica (traduzidos BR),12,,O Último Reino,Bernard Cornwell,,,
Fantasia SciFi Ficcao Historica (traduzidos BR),13,,Harry Potter e o Cálice de Fogo,J.K. Rowling,,,
Fantasia SciFi Ficcao Historica (traduzidos BR),14,,Harry Potter e o Enigma do Príncipe,J.K. Rowling,,,
Fantasia SciFi Ficcao Historica (traduzidos BR),15,,Elantris,Brandon Sanderson,,,
Fantasia SciFi Ficcao Historica (traduzidos BR),16,,O Protegido,Peter V. Brett,,,
Fantasia SciFi Ficcao Historica (traduzidos BR),17,,A Grande Caçada,Robert Jordan,,,
Fantasia SciFi Ficcao Historica (traduzidos BR),18,,Harry Potter e as Relíquias da Morte,J.K. Rowling,,,
Fantasia SciFi Ficcao Historica (traduzidos BR),19,,O Poder da Espada,Joe Abercrombie,,,
Fantasia SciFi Ficcao Historica (traduzidos BR),20,,O Poço da Ascensão,Brandon Sanderson,,,
Fantasia SciFi Ficcao Historica (traduzidos BR),21,,Harry Potter e a Ordem da Fênix,J.K. Rowling,,,
Fantasia SciFi Ficcao Historica (traduzidos BR),22,,Harry Potter e a Câmara Secreta,J.K. Rowling,,,
Fantasia SciFi Ficcao Historica (traduzidos BR),23,,Duna,Frank Herbert,,,
Fantasia SciFi Ficcao Historica (traduzidos BR),24,,O Dragão Renascido,Robert Jordan,,,
Fantasia SciFi Ficcao Historica (traduzidos BR),25,,O Oceano no Fim do Caminho,Neil Gaiman,,,
Fantasia SciFi Ficcao Historica (traduzidos BR),26,,A Dança dos Dragões,George R.R. Martin,,,
Fantasia SciFi Ficcao Historica (traduzidos BR),27,,Mares de Sangue,Scott Lynch,,,
Fantasia SciFi Ficcao Historica (traduzidos BR),28,,Harry Potter e o Prisioneiro de Azkaban,J.K. Rowling,,,
Fantasia SciFi Ficcao Historica (traduzidos BR),29,,A Bússola de Ouro,Philip Pullman,,,
Fantasia SciFi Ficcao Historica (traduzidos BR),30,,A Fúria dos Reis,George R.R. Martin,,,
Fantasia SciFi Ficcao Historica (traduzidos BR),31,,Os Senhores do Norte,Bernard Cornwell,,,
Fantasia SciFi Ficcao Historica (traduzidos BR),32,,República de Ladrões,Scott Lynch,,,
Fantasia SciFi Ficcao Historica (traduzidos BR),33,,O Assassino do Rei,Robin Hobb,,,
Fantasia SciFi Ficcao Historica (traduzidos BR),34,,O Rei do Inverno,Bernard Cornwell,,,
Fantasia SciFi Ficcao Historica (traduzidos BR),35,,Fahrenheit 451,Ray Bradbury,,,
Fantasia SciFi Ficcao Historica (traduzidos BR),36,,Excalibur,Bernard Cornwell,,,
Fantasia SciFi Ficcao Historica (traduzidos BR),37,,Azincourt,Bernard Cornwell,,,
Fantasia SciFi Ficcao Historica (traduzidos BR),38,,O Último Olimpiano,Rick Riordan,,,
Fantasia SciFi Ficcao Historica (traduzidos BR),39,,O Ladrão de Raios,Rick Riordan,,,
Fantasia SciFi Ficcao Historica (traduzidos BR),40,,A Canção do Sangue,Anthony Ryan,,,
Fantasia SciFi Ficcao Historica (traduzidos BR),41,,Mago e Vidro,Stephen King,,,
Fantasia SciFi Ficcao Historica (traduzidos BR),42,,Belas Maldições,Terry Pratchett e Neil Gaiman,,,
Fantasia SciFi Ficcao Historica (traduzidos BR),43,,O Cavaleiro dos Sete Reinos,George R.R. Martin,,,
Fantasia SciFi Ficcao Historica (traduzidos BR),44,,O Inimigo de Deus,Bernard Cornwell,,,
Fantasia SciFi Ficcao Historica (traduzidos BR),45,,A Maldição do Titã,Rick Riordan,,,
Fantasia SciFi Ficcao Historica (traduzidos BR),46,,O Tigre de Sharpe,Bernard Cornwell,,,
Fantasia SciFi Ficcao Historica (traduzidos BR),47,,O Último Desejo,Andrzej Sapkowski,,,
Fantasia SciFi Ficcao Historica (traduzidos BR),48,,O Cavaleiro da Morte,Bernard Cornwell,,,
Fantasia SciFi Ficcao Historica (traduzidos BR),49,,King of Thorns,Mark Lawrence,,,
Fantasia SciFi Ficcao Historica (traduzidos BR),50,,As Terras Devastadas,Stephen King,,,
Fantasia SciFi Ficcao Historica (traduzidos BR),51,,O Arqueiro,Bernard Cornwell,,,
Fantasia SciFi Ficcao Historica (traduzidos BR),52,,O Duelo dos Reis,Joe Abercrombie,,,
Fantasia SciFi Ficcao Historica (traduzidos BR),53,,It: a Coisa,Stephen King,,,
Fantasia SciFi Ficcao Historica (traduzidos BR),54,,Pequenos Deuses,Terry Pratchett,,,
Fantasia SciFi Ficcao Historica (traduzidos BR),55,,Antes da Forca,Joe Abercrombie,,,
Fantasia SciFi Ficcao Historica (traduzidos BR),56,,A Batalha do Labirinto,Rick Riordan,,,
Fantasia SciFi Ficcao Historica (traduzidos BR),57,,O Festim dos Corvos,George R.R. Martin,,,
Fantasia SciFi Ficcao Historica (traduzidos BR),58,,"Eu, Robô",Isaac Asimov,,,
Fantasia SciFi Ficcao Historica (traduzidos BR),59,,Roubo de Espadas,Michael J. Sullivan,,,
Fantasia SciFi Ficcao Historica (traduzidos BR),60,,A Passagem,Justin Cronin,,,
Fantasia SciFi Ficcao Historica (traduzidos BR),61,,Golem e o Gênio,Helene Wecker,,,
Fantasia SciFi Ficcao Historica (traduzidos BR),62,,Terra em Chamas,Bernard Cornwell,,,
Fantasia SciFi Ficcao Historica (traduzidos BR),63,,A Canção da Espada,Bernard Cornwell,,,
Fantasia SciFi Ficcao Historica (traduzidos BR),64,,Mago: Aprendiz,Raymond E. Feist,,,
Fantasia SciFi Ficcao Historica (traduzidos BR),65,,Genghis: O Nascimento de um Império,Conn Iggulden,,,
Fantasia SciFi Ficcao Historica (traduzidos BR),66,,O Dragão de Gelo,George R.R. Martin,,,
Fantasia SciFi Ficcao Historica (traduzidos BR),67,,Lobos de Calla,Stephen King,,,
Fantasia SciFi Ficcao Historica (traduzidos BR),68,,Guardas! Guardas!,Terry Pratchett,,,
Fantasia SciFi Ficcao Historica (traduzidos BR),69,,O Aprendiz,Joseph Delaney,,,
Fantasia SciFi Ficcao Historica (traduzidos BR),70,,A Terra das Sombras,Emily Rodda,,,
Fantasia SciFi Ficcao Historica (traduzidos BR),71,,A Caverna do Medo,Emily Rodda,,,
Fantasia SciFi Ficcao Historica (traduzidos BR),72,,O Retorno a Del,Emily Rodda,,,
Fantasia SciFi Ficcao Historica (traduzidos BR),73,,O Vale dos Perdidos,Emily Rodda,,,
Fantasia SciFi Ficcao Historica (traduzidos BR),74,,O Labirinto da Besta,Emily Rodda,,,
Premio Jabuti Romance,1,,As Meninas,Lygia Fagundes Telles,,,
Premio Jabuti Romance,2,,A Hora da Estrela,Clarice Lispector,,,
Premio Jabuti Romance,3,,Estorvo,Chico Buarque,,,
Premio Jabuti Romance,4,,Quase Memória: Quase Romance,Carlos Heitor Cony,,,
Premio Jabuti Romance,5,,"Gabriela, Cravo e Canela",Jorge Amado,,,
Premio Jabuti Romance,6,,O Trapicheiro,Marques Rebelo,,,
Premio Jabuti Romance,7,,Rua Augusta,Maria de Lourdes Teixeira,,,
Premio Jabuti Romance,8,,Porto Calendário,Osório Alves de Castro,,,
Premio Jabuti Romance,9,,A Mudança,Marques Rebelo,,,
Premio Jabuti Romance,10,,Grotão do Café Amarelo,Francisco Marins,,,
Premio Jabuti Romance,11,,O Coronel e o Lobisomem,José Cândido de Carvalho,,,
Premio Jabuti Romance,12,,O Senhor Embaixador,Erico Verissimo,,,
Premio Jabuti Romance,13,,As Confissões de Frei Abóbora,José Mauro de Vasconcelos,,,
Premio Jabuti Romance,14,,O tronco,Bernardo Élis,,,
Premio Jabuti Romance,15,,Noites do Relâmpago,Ibiapaba Martins,,,
Premio Jabuti Romance,16,,O Pátio das Donzelas,Maria de Lourdes Teixeira,,,
Premio Jabuti Romance,17,,O sexo começa às sete,Lenita Miranda de Figueiredo,,,
Premio Jabuti Romance,18,,A Girafa de Vidro,Luís Martins,,,
Premio Jabuti Romance,19,,Clube de Campo,Rubens Teixeira Scavone,,,
Premio Jabuti Romance,20,,As Velhas,Hugo Mezena,,,
Premio Jabuti Romance,21,,A Festa,Ivan Ângelo,,,
Premio Jabuti Romance,22,,O fruto do vosso ventre,Herberto Sales,,,
Premio Jabuti Romance,23,,Partidas Dobradas,Mário Donato,,,
Premio Jabuti Romance,24,,O Grande Mentecapto,Fernando Sabino,,,
Premio Jabuti Romance,25,,Endiabrados,Dyonelio Machado,,,
Premio Jabuti Romance,26,,Em liberdade,Silviano Santiago,,,
Premio Jabuti Romance,27,,Aquele Mundo de Vasabarros,José J. Veiga,,,
Premio Jabuti Romance,28,,A Grande Arte,Rubem Fonseca,,,
Premio Jabuti Romance,29,,Viva o Povo Brasileiro,João Ubaldo Ribeiro,,,
Premio Jabuti Romance,30,,A Idade da Paixão,Rubem Mauro Machado,,,
Premio Jabuti Romance,31,,Luísa,Maria Adelaide Amaral,,,
Premio Jabuti Romance,32,,Dinheiro na estrada: Uma saga de imigrantes,Emil Farhat,,,
Premio Jabuti Romance,33,,A Saga do Cavalo Indomado,Maria Alice Barroso,,,
Premio Jabuti Romance,34,,Sonata da Última cidade,Renato Modernell,,,
Premio Jabuti Romance,35,,Relato de um Certo Oriente,Milton Hatoum,,,
Premio Jabuti Romance,36,,Jóias de família,Zulmira Ribeiro Tavares,,,
Premio Jabuti Romance,37,,Memorial de Maria Moura,Rachel de Queiroz,,,
Premio Jabuti Romance,38,,O Livro Do Avesso,João Silvério Trevisan,,,
Premio Jabuti Romance,39,,O Risonho Cavalo Do Príncipe,José J. Veiga,,,
Premio Jabuti Romance,40,,Sonhos Tropicais,Moacyr Scliar,,,
Premio Jabuti Romance,41,,Uma história de família,Silviano Santiago,,,
Premio Jabuti Romance,42,,Aqueles cães malditos de Arquelau,Isaias Pessotti,,,
Premio Jabuti Romance,43,,Harmada,João Gilberto Noll,,,
Premio Jabuti Romance,44,,O braço direito,Otto Lara Resende,,,
Premio Jabuti Romance,45,,A descoberta da América pelos turcos,Jorge Amado,,,
Premio Jabuti Romance,46,,Ana em Veneza,João Silvério Trevisan,,,
Premio Jabuti Romance,47,,"Galantes Memórias e Admiráveis Aventuras do Virtuoso Conselheiro Gomes, o Chalaça",José Roberto Torero,,,
Premio Jabuti Romance,48,,Amor?: Novela,Ivan Ângelo,,,
Premio Jabuti Romance,49,,O Mistério do Leão Rampante,Rodrigo Lacerda,,,
Premio Jabuti Romance,50,,A Céu Aberto,João Gilberto Noll,,,
Premio Jabuti Romance,51,,À Mão Esquerda,Fausto Wolff,,,
Premio Jabuti Romance,52,,O Equilibrista do Arame Farpado,Flávio Moreira da Costa,,,
Premio Jabuti Romance,53,,O silêncio da chuva,Luiz Alfredo Garcia-Roza,,,
Premio Jabuti Romance,54,,A casa do poeta trágico,Carlos Heitor Cony,,,
Premio Jabuti Romance,55,,Lealdade,Márcio Souza,,,
Premio Jabuti Romance,56,,Um crime delicado,Sérgio Sant'Anna,,,
Premio Jabuti Romance,57,,Cabra-cega: Romance,Carlos Nascimento Silva,,,
Premio Jabuti Romance,58,,Os seios de Pandora,Sônia Coutinho,,,
Premio Jabuti Romance,59,,Resumo de Ana,Modesto Carone,,,
Premio Jabuti Romance,60,,A Mulher que Escreveu a Bíblia,Moacyr Scliar,,,
Premio Jabuti Romance,61,,Anita: Romance,Flávio Aguiar,,,
Premio Jabuti Romance,62,,Romance sem palavras,Carlos Heitor Cony,,,
Premio Jabuti Romance,63,,Dois irmãos,Milton Hatoum,,,
Premio Jabuti Romance,64,,Inferno,Patrícia Melo,,,
Premio Jabuti Romance,65,,O caso da Chácara Chão,Domingos Pellegrini,,,
Premio Jabuti Romance,66,,Barco a Seco,Rubens Figueiredo,,,
Premio Jabuti Romance,67,,A utopia burocrática de Máximo Modesto,Dionisio Jacob,,,
Premio Jabuti Romance,68,,Adágio para o silêncio,Luis Giffoni,,,
Premio Jabuti Romance,69,,Dias e Dias,Adília Lopes,,,
Premio Jabuti Romance,70,,No coração das perobas: Romance,Domingos Pellegrini,,,
Premio Jabuti Romance,71,,Nove Noites,Bernardo Carvalho,,,
Premio Jabuti Romance,72,,Mongólia,Bernardo Carvalho,,,
Premio Jabuti Romance,73,,A margem imóvel do rio,Luiz Antonio de Assis Brasil,,,
Premio Jabuti Romance,74,,Budapeste,Chico Buarque,,,
Premio Jabuti Romance,75,,Vozes do Deserto,Nélida Piñon,,,
Premio Jabuti Romance,76,,Lorde,João Gilberto Noll,,,
Premio Jabuti Romance,77,,O Fotógrafo,Cristovão Tezza,,,
